{"cameraMode":{"drawMode":0,"name":"Shaded","section":"Shading Mode"},"sceneLighting":true,"audioPlay":false,"sceneViewState":{"m_AlwaysRefresh":false,"showFog":true,"showSkybox":true,"showFlares":true,"showImageEffects":true,"showParticleSystems":true,"showVisualEffectGraphs":true,"m_FxEnabled":true},"in2DMode":false,"pivot":{"x":-0.4459903836250305,"y":2.2463483810424806,"z":-9.652565956115723},"rotation":{"x":0.2620304822921753,"y":0.24643075466156007,"z":-0.06939728558063507,"w":0.9304805994033814},"size":0.6479934453964233,"orthographic":false}