{"cameraMode":{"drawMode":0,"name":"Shaded","section":"Shading Mode"},"sceneLighting":true,"audioPlay":false,"sceneViewState":{"m_AlwaysRefresh":false,"showFog":true,"showSkybox":true,"showFlares":true,"showImageEffects":true,"showParticleSystems":true,"showVisualEffectGraphs":true,"m_FxEnabled":true},"in2DMode":false,"pivot":{"x":-2.0906474590301515,"y":3.4531402587890627,"z":-10.827872276306153},"rotation":{"x":0.1907251626253128,"y":0.20962336659431458,"z":-0.04172971844673157,"w":0.9580925107002258},"size":0.6479934453964233,"orthographic":false}